name,lat,lon
KM 0,-33.4773103059999,-70.6553158
KM 0.1,-33.47732519427,-70.65638589643
KM 0.2,-33.4773746610389,-70.65745419578
KM 0.3,-33.4775387212583,-70.65850671128
KM 0.4,-33.4773074905048,-70.65954776498
KM 0.5,-33.4767484753611,-70.66045582847
KM 0.6,-33.4763219510883,-70.66143294629
KM 0.7,-33.4762047509293,-70.66249262844
KM 0.8,-33.4762288774037,-70.6635623533
KM 0.9,-33.4762581699318,-70.66463194481
KM 1,-33.4764579290411,-70.66567914538
KM 1.1,-33.4766273365767,-70.66673540206
KM 1.2,-33.4767624644048,-70.66779685409
KM 1.3,-33.4767895297035,-70.6688666674
KM 1.4,-33.4768209103046,-70.66993638357
KM 1.5,-33.4768031226238,-70.67100620244
KM 1.6,-33.4767597673402,-70.67207551143
KM 1.7,-33.476723869,-70.67314485572
KM 1.8,-33.4768023273583,-70.67421183271
KM 1.9,-33.4769089776512,-70.67527669791
KM 2,-33.4769550557858,-70.67634440572
KM 2.1,-33.4768976502258,-70.67741294088
KM 2.2,-33.4769011886355,-70.67848178085
KM 2.3,-33.4769364631001,-70.67954977478
KM 2.4,-33.4769696689803,-70.68060822913
KM 2.5,-33.4769871163239,-70.68169551296
KM 2.6,-33.4769844728741,-70.682761496
KM 2.7,-33.4769739125278,-70.68383711034
KM 2.8,-33.4769493289712,-70.68490285325
KM 2.9,-33.4769180536087,-70.68597256204
KM 3,-33.4769878270502,-70.68703482423
KM 3.1,-33.4771763744503,-70.68807980527
KM 3.2,-33.477442622901,-70.68911924821
KM 3.3,-33.4777068536217,-70.69015632819
KM 3.4,-33.4779830030205,-70.69118851818
KM 3.5,-33.4782154027877,-70.69223787097
KM 3.6,-33.4784189031931,-70.69329105658
KM 3.7,-33.4786512682731,-70.69433803348
KM 3.8,-33.4789052433222,-70.69537242015
KM 3.9,-33.4791869423417,-70.69639002087
KM 4,-33.4794983486033,-70.69743213927
KM 4.1,-33.479836125487,-70.69844212483
KM 4.2,-33.4801090789108,-70.69948108941
KM 4.3,-33.4802729544504,-70.70056008454
KM 4.4,-33.4803981705158,-70.70160403125
KM 4.5,-33.480585288082,-70.70262612501
KM 4.6,-33.4807890810506,-70.7035051816
KM 4.7,-33.4810346825764,-70.70460999849
KM 4.8,-33.4812653883467,-70.70564354501
KM 4.9,-33.4815059975914,-70.70668303144
KM 5,-33.4817366760115,-70.70767500486
KM 5.1,-33.4819648883303,-70.70874123855
KM 5.2,-33.4821906125984,-70.70980153894
KM 5.3,-33.4824361419357,-70.71084105011
KM 5.4,-33.4826816587836,-70.71186571011
KM 5.5,-33.4829023938925,-70.71289335679
KM 5.6,-33.4830958696588,-70.71392398625
KM 5.7,-33.4832447574954,-70.71501404183
KM 5.8,-33.4833688546215,-70.71606846623
KM 5.9,-33.4834607389335,-70.7171318115
KM 6,-33.4835278405564,-70.71819813711
KM 6.1,-33.4835825500498,-70.71928526034
KM 6.2,-33.4836335710673,-70.72035476896
KM 6.3,-33.4836889642375,-70.72142852816
KM 6.4,-33.4837351470233,-70.72250596891
KM 6.5,-33.4837751870407,-70.72358341063
KM 6.6,-33.4838182786884,-70.72462040283
KM 6.7,-33.4838736347399,-70.7256941664
KM 6.8,-33.4839228499847,-70.7267826425
KM 6.9,-33.4839597894801,-70.72788950862
KM 7,-33.4840065697836,-70.72891675176
KM 7.1,-33.4840459975848,-70.73000930647
KM 7.2,-33.4840982769622,-70.73112741073
KM 7.3,-33.4841434458288,-70.73214754372
KM 7.4,-33.4841917346281,-70.73322666893
KM 7.5,-33.4842444380509,-70.73429238227
KM 7.6,-33.4842837002089,-70.73535013184
KM 7.7,-33.4843342404701,-70.73644263976
KM 7.8,-33.4843812195375,-70.73752468091
KM 7.9,-33.4844319267888,-70.73858820136
KM 8,-33.4845393286667,-70.73967409024
KM 8.1,-33.484761,-70.740739
KM 8.2,-33.485094,-70.741755
KM 8.3,-33.485541,-70.742691
KM 8.4,-33.486061,-70.743568
KM 8.5,-33.4866619443827,-70.74434349028
KM 8.6,-33.4873007409459,-70.74510210932
KM 8.7,-33.4879272600579,-70.74586660672
KM 8.8,-33.4885713012499,-70.7466535718
KM 8.9,-33.4891993442058,-70.74740943967
KM 9,-33.4898447699571,-70.74818082887
KM 9.1,-33.4904391109514,-70.74888348513
KM 9.2,-33.4911032702508,-70.74968578066
KM 9.3,-33.491748851266,-70.75045595902
KM 9.4,-33.4923658501093,-70.75121621369
KM 9.5,-33.4929211222053,-70.75210361068
KM 9.6,-33.4933205704866,-70.75309844846
KM 9.7,-33.4935588288596,-70.75409805688
KM 9.8,-33.4936780661107,-70.75516264402
KM 9.9,-33.4937631217593,-70.75619659587
KM 10,-33.493855,-70.757271
KM 10.1,-33.493903,-70.758348
KM 10.2,-33.4938058110097,-70.75945886124
KM 10.3,-33.4935651208363,-70.7604896217
KM 10.4,-33.4932671421682,-70.7615258907
KM 10.5,-33.4930386189945,-70.76249880705
KM 10.6,-33.4928491060965,-70.7635719697
KM 10.7,-33.4928434795735,-70.76465878727
KM 10.8,-33.4929797437634,-70.76569211804
KM 10.9,-33.4932275205408,-70.76673468936
KM 11,-33.4934968553931,-70.76777285938
KM 11.1,-33.4937806855851,-70.7688497873
KM 11.2,-33.4940210583326,-70.7698320333
KM 11.3,-33.4942597691098,-70.77086173071
KM 11.4,-33.4944841319239,-70.77190659241
KM 11.5,-33.4947103298276,-70.77296654624
KM 11.6,-33.4949455363595,-70.77403509103
KM 11.7,-33.4951680230241,-70.7750627272
KM 11.8,-33.4953826217824,-70.77610058585
KM 11.9,-33.4956074965924,-70.77709215901
KM 12,-33.495842674227,-70.7781628831
KM 12.1,-33.4960851126473,-70.77925945899
KM 12.2,-33.4962985062323,-70.78026775179
KM 12.3,-33.4965101573751,-70.78129761949
KM 12.4,-33.4967379845227,-70.78232742383
KM 12.5,-33.4969604207654,-70.78336156864
KM 12.6,-33.4971973803285,-70.78444525898
KM 12.7,-33.4974071989997,-70.78547515768
KM 12.8,-33.4976375777902,-70.78652564363
KM 12.9,-33.4978576893302,-70.78753799694
KM 13,-33.4980889032385,-70.78857594309
KM 13.1,-33.4983072066964,-70.78962027001
KM 13.2,-33.4985403337881,-70.79065214705
KM 13.3,-33.4987765600351,-70.79173343862
KM 13.4,-33.4989997589346,-70.79275690959
KM 13.5,-33.4992470362976,-70.79377786511
KM 13.6,-33.499582370827,-70.79480822423
KM 13.7,-33.4999953540469,-70.79571773788
KM 13.8,-33.5004975257089,-70.79652785421
KM 13.9,-33.5011506210381,-70.79731295778
KM 14,-33.5018595456904,-70.79795089342
KM 14.1,-33.5026605624718,-70.7984776488
KM 14.2,-33.5035556113231,-70.79886911796
KM 14.3,-33.5044039394334,-70.79907768821
KM 14.4,-33.5053061887684,-70.79917281236
KM 14.5,-33.5061740771547,-70.79919339254
KM 14.6,-33.507076,-70.799203
KM 14.7,-33.507989,-70.799203
KM 14.8,-33.508901,-70.799208
KM 14.9,-33.509804,-70.799216
KM 15,-33.5106859512744,-70.79922533825
KM 15.1,-33.511613507528,-70.79923251785
KM 15.2,-33.5125547220735,-70.79923417537
KM 15.3,-33.5134233368461,-70.79923700535
KM 15.4,-33.5143114763378,-70.79924819199
KM 15.5,-33.5152100280373,-70.79924748956
KM 15.6,-33.5161205533704,-70.79923527261
KM 15.7,-33.5170283318832,-70.79922142203
KM 15.8,-33.5179226690481,-70.79920385871
KM 15.9,-33.5188420459312,-70.79917701685
KM 16,-33.5197286564419,-70.79915030613
KM 16.1,-33.5206152729544,-70.7991259068
KM 16.2,-33.5214845545607,-70.79910620296
KM 16.3,-33.5224076908423,-70.79908310327
KM 16.4,-33.5233097264353,-70.79905864141
KM 16.5,-33.5241982779201,-70.79903654617
KM 16.6,-33.5251003219515,-70.79901439524
KM 16.7,-33.5260486188739,-70.79898974473
KM 16.8,-33.5269588360722,-70.79898796595
KM 16.9,-33.5278427831892,-70.79905295956
KM 17,-33.5287451973569,-70.79919974773
KM 17.1,-33.5296266091118,-70.79943624916
KM 17.2,-33.5305160312374,-70.79974031771
KM 17.3,-33.5313704460683,-70.80003871742
KM 17.4,-33.5322162107978,-70.80034213089
KM 17.5,-33.5330734396801,-70.80065008367
KM 17.6,-33.533949779199,-70.80096712392
KM 17.7,-33.5348361268226,-70.80127802386
KM 17.8,-33.535636037411,-70.80156637979
KM 17.9,-33.5365110988137,-70.80188191875
KM 18,-33.5373620164789,-70.80220977234
KM 18.1,-33.538253680247,-70.8025317789
KM 18.2,-33.5391425500155,-70.80284295436
KM 18.3,-33.539990683746,-70.80313764341
KM 18.4,-33.5408779112836,-70.80345179825
KM 18.5,-33.5417270061386,-70.80375839758
KM 18.6,-33.5426262753474,-70.80410966201
KM 18.7,-33.5435002888097,-70.80455291961
KM 18.8,-33.5442737980924,-70.80503085674
KM 19.8,-33.5450472347398,-70.80559349964
KM 19,-33.5457759036791,-70.80615563332
KM 19.1,-33.5465576892616,-70.80677320084
KM 19.2,-33.5473033122074,-70.80735519458
KM 19.3,-33.548014845996,-70.80791012541
KM 19.4,-33.5487760669892,-70.80849717908
KM 19.5,-33.5495188898015,-70.80909451749
KM 19.6,-33.5502590697704,-70.80976329719
KM 19.7,-33.5509109300451,-70.81046031967
KM 19.8,-33.5515074237077,-70.81125654718
KM 19.9,-33.5520369684101,-70.81212344286
KM 20,-33.5525128195582,-70.81305177761
KM 20.1,-33.5529504411846,-70.81399557539
KM 20.2,-33.5533760851845,-70.81494337161
KM 20.3,-33.5537867116509,-70.81586688646
KM 20.4,-33.5542315070749,-70.8168514988
KM 20.5,-33.5546449131096,-70.81775971499
KM 20.6,-33.5550654929703,-70.81870362625
KM 20.7,-33.5554889403561,-70.8196628403
KM 20.8,-33.5559066490574,-70.82059827763
KM 20.9,-33.5563552381554,-70.82159050754
KM 21,-33.5567800227423,-70.82252763618
KM 21.1,-33.5572034142842,-70.82347668374
KM 21.2,-33.5576239645497,-70.82442575211
KM 21.3,-33.558024529536,-70.82532218451
KM 21.4,-33.5584054684893,-70.82630373039
KM 21.5,-33.5586987109239,-70.82735363795
KM 21.6,-33.5588970199617,-70.82841410835
KM 21.7,-33.5590349079053,-70.82946234375
KM 21.8,-33.5591729363752,-70.83054717045
KM 21.9,-33.5593618360339,-70.83158509494
KM 22,-33.5596383456741,-70.83261284209
KM 22.1,-33.560005175796,-70.83361890171
KM 22.2,-33.5604238536095,-70.83455247129
KM 22.3,-33.5608850438057,-70.83551219033
KM 22.4,-33.5613379686497,-70.83645551521
KM 22.5,-33.5617757439637,-70.83736767882
KM 22.6,-33.5622203926153,-70.83829297528
KM 22.7,-33.5626719103995,-70.83922976107
KM 22.8,-33.5631306599388,-70.84016851054
KM 22.9,-33.5635727381736,-70.84108902921
KM 23,-33.5640165261611,-70.84201160456
KM 23.1,-33.5644979950233,-70.84295048725
KM 23.2,-33.5650426624612,-70.84384397459
KM 23.4,-33.5656282883319,-70.8446942007
KM 23.4,-33.5662376403159,-70.84545193751
KM 23.5,-33.5669067520146,-70.84615607745
KM 23.6,-33.5676373653436,-70.84681893964
KM 23.7,-33.5683794548307,-70.84738807147
KM 23.8,-33.5691352786767,-70.84789746835
KM 23.9,-33.5699626543493,-70.84836538535
KM 24,-33.5708012388206,-70.84876731425
KM 24.1,-33.5716870113118,-70.84909175484
KM 24.2,-33.5725706855122,-70.84933205387
KM 24.3,-33.5734712188814,-70.84949041787
KM 24.4,-33.5743639689234,-70.84956465548
KM 24.5,-33.5753077365753,-70.84957730513
KM 24.6,-33.5761736005963,-70.84950379264
KM 24.7,-33.5770695699223,-70.84934146483
KM 24.8,-33.5779293916679,-70.8491201192
KM 24.9,-33.5788041545686,-70.84880773042
KM 25,-33.5796370563097,-70.84842496432
KM 25.1,-33.5804736019432,-70.84798304014
KM 25.2,-33.5812627485986,-70.84753217308
KM 25.3,-33.5820897606225,-70.84706751838
KM 25.4,-33.5829042985832,-70.84660768948
KM 25.5,-33.5837362181059,-70.84614471071
KM 25.6,-33.5845612845211,-70.84574266934
KM 25.7,-33.5854215259957,-70.84541192317
KM 25.8,-33.586299508277,-70.84517984647
KM 25.9,-33.5871986462154,-70.84502262898
KM 26,-33.588104457338,-70.84492659241
KM 26.1,-33.5889881415465,-70.84481926267
KM 26.2,-33.589949481162,-70.8446962479
KM 26.3,-33.5908084988415,-70.84458899376
KM 26.4,-33.591665188512,-70.84448582903
KM 26.5,-33.5925397412911,-70.84439208254
KM 26.6,-33.5934730018255,-70.84428553491
KM 26.7,-33.5943812179123,-70.84423196082
KM 26.8,-33.5952687208266,-70.84428675313
KM 26.9,-33.5961733447179,-70.84448000325
KM 27,-33.5970489813666,-70.84482950757
KM 27.1,-33.5978534890751,-70.84525986249
KM 27.2,-33.5986643501972,-70.84571538897
KM 27.3,-33.5994626351299,-70.84617600498
KM 27.4,-33.6002860926278,-70.84663654177
KM 27.5,-33.601084374041,-70.84709717478
KM 27.6,-33.6018826547264,-70.84755781709
KM 27.7,-33.6026976910104,-70.84800833426
KM 27.8,-33.6035001936302,-70.84848157243
KM 27.9,-33.6043132011268,-70.84896233843
KM 28,-33.605092569802,-70.84941300547
KM 28.1,-33.605926,-70.849869
KM 28.2,-33.6067562575171,-70.85034170755
KM 28.3,-33.607573,-70.850797
KM 28.4,-33.608402,-70.851258
KM 28.5,-33.6092215496919,-70.85171376846
KM 28.6,-33.6100585296276,-70.8521841747
KM 28.7,-33.6108427908104,-70.85265165863
KM 28.8,-33.6116366666666,-70.85311666666
KM 28.9,-33.6124666666666,-70.85359833333
KM 29,-33.6133376514994,-70.85408290978
KM 29.1,-33.6141482637041,-70.85454302973
KM 29.2,-33.6149528215551,-70.85501779635
KM 29.3,-33.6157614007641,-70.85547794027
KM 29.4,-33.6165315436562,-70.85598694946
KM 29.5,-33.6173058974048,-70.8565617354
KM 29.6,-33.618084277741,-70.85712433597
KM 29.7,-33.6188444134755,-70.85769431732
KM 29.8,-33.6196248407806,-70.85826667734
KM 29.9,-33.6203890057427,-70.85882691983
KM 30,-33.6211430404843,-70.8593945155
KM 30.1,-33.62191,-70.859975
KM 30.2,-33.6226733333333,-70.86054666666
KM 30.3,-33.6234316666666,-70.86111999999
KM 30.4,-33.6242224734697,-70.86169402535
KM 30.5,-33.6249541277405,-70.86223981665
KM 30.6,-33.6257548832469,-70.86283899271
KM 30.7,-33.626543401948,-70.86341141789
KM 30.8,-33.6273055319489,-70.86397906757
KM 30.9,-33.6280595542656,-70.86455162706
KM 31,-33.6288402297638,-70.86513385579
KM 31.1,-33.6295799676935,-70.86567236883
KM 31.2,-33.6303683333333,-70.86628333333
KM 31.3,-33.6310920351769,-70.86681023427
KM 31.4,-33.6318622755611,-70.86738279082
KM 31.5,-33.632667,-70.867973
KM 31.6,-33.6333844388286,-70.86850606288
KM 31.7,-33.6342132872661,-70.8691238566
KM 31.8,-33.6349043401521,-70.86964850623
KM 31.9,-33.6356184459143,-70.87016869757
KM 32,-33.6364228102679,-70.8707410948
KM 32.1,-33.6371763998405,-70.87132774788
KM 32.2,-33.6379768917965,-70.87191895425
KM 32.3,-33.6387304182617,-70.87247981144
KM 32.4,-33.6395006159961,-70.87305705535
KM 32.5,-33.6402912683562,-70.87362016109
KM 32.6,-33.6410291085696,-70.87415997456
KM 32.7,-33.6417924566929,-70.87474900465
KM 32.8,-33.6425635773809,-70.8753192445
KM 32.9,-33.6433346893644,-70.87588714667
KM 33,-33.6440979681496,-70.87644804301
KM 33.1,-33.6448612753145,-70.87702303191
KM 33.2,-33.6456167180689,-70.8775769312
KM 33.3,-33.6463858612946,-70.87814253304
KM 33.4,-33.6471432883087,-70.87871287688
KM 33.5,-33.6479183289841,-70.87929725921
KM 33.6,-33.6486972340885,-70.87986286116
KM 33.7,-33.6494254046857,-70.88046149321
KM 33.8,-33.6500893337173,-70.8811730048
KM 33.9,-33.6506831321786,-70.88198567986
KM 34,-33.6511891482697,-70.8828690554
KM 34.1,-33.6516756481973,-70.88376658485
KM 34.2,-33.652187617674,-70.88469925718
KM 34.3,-33.6527073466637,-70.88560844363
KM 34.4,-33.6531878707408,-70.88646142257
KM 34.5,-33.6537037184679,-70.88738942027
KM 34.6,-33.6541823452191,-70.88827528891
KM 34.7,-33.6547040065145,-70.88918685879
KM 34.8,-33.6551845496615,-70.89006100382
KM 34.9,-33.6556827326351,-70.89096327741
KM 35,-33.6562024261527,-70.89187723378
KM 35.1,-33.6566927556399,-70.89276781589
KM 35.2,-33.6571869577148,-70.89364430994
KM 35.4,-33.6576851295732,-70.89455366804
KM 35.4,-33.658187210142,-70.89546771825
KM 35.5,-33.6586892172298,-70.89634891527
KM 35.6,-33.6591833976168,-70.89722779635
KM 35.7,-33.6597030866976,-70.89816295464
KM 35.8,-33.6602051697944,-70.89909113289
KM 35.9,-33.6606954413023,-70.89997944619
KM 36,-33.6611680325868,-70.90082321881
KM 36.1,-33.6616661363097,-70.90171609431
KM 36.2,-33.6621741538195,-70.90261512554
KM 36.3,-33.66267562729,-70.90353261849
KM 36.4,-33.6631630964991,-70.90440186072
KM 36.5,-33.6636645145448,-70.90529830957
KM 36.6,-33.6641659574487,-70.90621056756
KM 36.7,-33.6646651407045,-70.90709124507
KM 36.8,-33.6651709585607,-70.90800614376
KM 36.9,-33.6656635954024,-70.90890792502
KM 37,-33.6661753518252,-70.90981759869
KM 37.1,-33.666676359828,-70.91072150453
KM 37.2,-33.667167934004,-70.91160701276
KM 37.3,-33.6676714779459,-70.91253739464
KM 37.4,-33.6681626384373,-70.91340797455
KM 37.5,-33.6686665270449,-70.91434464631
KM 37.6,-33.6691760326772,-70.91522346107
KM 37.7,-33.669662616976,-70.91610923721
KM 37.8,-33.6701619941915,-70.91700338363
KM 37.9,-33.6706723663711,-70.91791150085
KM 38,-33.6711564998071,-70.91881339797
KM 38.1,-33.6716388477472,-70.91969850649
KM 38.2,-33.67215269254,-70.92060454697
KM 38.3,-33.6726718211904,-70.92153579073
KM 38.4,-33.6731681457012,-70.92242719466
KM 38.5,-33.6736732495662,-70.923343792
KM 38.6,-33.6741975638132,-70.92425404941
KM 38.7,-33.6746728239436,-70.92510773129
KM 38.8,-33.6751638635728,-70.92599078854
KM 38.9,-33.6756601861902,-70.92689904825
KM 39,-33.6761519833984,-70.92777935396
KM 39.1,-33.6766506620977,-70.92868123492
KM 39.2,-33.6771772095939,-70.92960455861
KM 39.3,-33.677673862458,-70.93049213123
KM 39.4,-33.6781884581549,-70.93141073067
KM 39.5,-33.6786731559218,-70.93229118592
KM 39.6,-33.6791737655543,-70.93317877911
KM 39.7,-33.6796743939253,-70.93408072085
KM 39.8,-33.6801650448852,-70.93496596922
KM 39.9,-33.6806735969075,-70.93585835217
KM 40,-33.6811961704196,-70.93681522507
KM 40.1,-33.6816887942612,-70.93770289033
KM 40.2,-33.6821953583631,-70.93860725708
KM 40.3,-33.6826779596265,-70.93945434309
KM 40.4,-33.6831586029283,-70.9403229517
KM 40.5,-33.6836551902717,-70.94121781332
KM 40.6,-33.6841558078386,-70.94214851901
KM 40.7,-33.6846623477446,-70.9430577154
KM 40.8,-33.6851688691913,-70.9439597526
KM 40.9,-33.6856594648012,-70.94485466856
KM 41,-33.6861998642727,-70.9458116094
KM 41.1,-33.6866485781301,-70.94663496175
KM 41.2,-33.6871501959514,-70.94752261754
KM 41.3,-33.6876315502932,-70.94839173431
KM 41.4,-33.6881609945073,-70.94932344477
KM 41.5,-33.6886695495534,-70.9502451916
KM 41.6,-33.6891717879851,-70.95113686223
KM 41.7,-33.6896656766985,-70.95203107291
KM 41.8,-33.6902200314946,-70.95289756931
KM 41.9,-33.6907180257108,-70.95375667887
KM 42,-33.6912119000555,-70.9546534273
KM 42.1,-33.6917131549257,-70.95555170101
KM 42.2,-33.6922092161578,-70.95646118777
KM 42.3,-33.6926954540313,-70.95736325603
KM 42.4,-33.6932007732251,-70.95825581337
KM 42.5,-33.6937109785331,-70.95914874699
KM 42.6,-33.6942006320896,-70.96003624887
KM 42.7,-33.6946788458243,-70.96090733011
KM 42.8,-33.695205331401,-70.96182013352
KM 42.9,-33.6957038277611,-70.96272891098
KM 43,-33.6962391632791,-70.96366298316
KM 43.1,-33.6967224370099,-70.96453386173
KM 43.2,-33.6971955145105,-70.96539153355
KM 43.3,-33.6977034225365,-70.96630923808
KM 43.4,-33.6981907594586,-70.96720779749
KM 43.5,-33.6987261232515,-70.9681858068
KM 43.6,-33.6991540176725,-70.96911776135
KM 43.7,-33.6994794258813,-70.97011595679
KM 43.8,-33.6997456549867,-70.97117638231
KM 43.9,-33.6999198369362,-70.97213477578
KM 44,-33.7001639390693,-70.97317180153
KM 44.1,-33.700361602021,-70.97418894969
KM 44.2,-33.700590518472,-70.97529199234
KM 44.3,-33.7008163858578,-70.9763355945
KM 44.4,-33.7010254547482,-70.97736919075
KM 44.5,-33.7011501522632,-70.97844958492
KM 44.6,-33.7013545918031,-70.97944754322
KM 44.7,-33.7015888149732,-70.98053870616
KM 44.8,-33.7018138989328,-70.98162988776
KM 44.9,-33.7020298193564,-70.98269915982
KM 45,-33.702238817654,-70.98371907494
KM 45.1,-33.7024661482309,-70.98480478448
KM 45.2,-33.7026751437527,-70.98583568312
KM 45.3,-33.7028864370635,-70.98688577628
KM 45.4,-33.7030956649482,-70.9879023707
KM 45.5,-33.7033047434982,-70.98896945553
KM 45.6,-33.7035158999913,-70.990011065
KM 45.7,-33.7037333869187,-70.99103737931
KM 45.8,-33.7039445450891,-70.99209428752
KM 45.9,-33.7041747736293,-70.99315371212
KM 46,-33.7043901289512,-70.99419023842
KM 46.1,-33.7045671830065,-70.99511219297
KM 46.2,-33.7048017428984,-70.99626843923
KM 46.3,-33.7050298786315,-70.99737884354
KM 46.4,-33.7052345666052,-70.9983873841
KM 46.5,-33.705469,-70.999453
KM 46.6,-33.7056609406965,-71.00046050434
KM 46.7,-33.70587418167,-71.00153964981
KM 46.8,-33.706100009046,-71.00257276763
KM 46.9,-33.7062956149537,-71.003622318
KM 47,-33.706509726399,-71.00466170806
KM 47.1,-33.7067220607347,-71.00570287522
KM 47.2,-33.7068942879878,-71.00678311458
KM 47.3,-33.706895493291,-71.00784808568
KM 47.4,-33.7067440446746,-71.00887253715
KM 47.5,-33.7064187943074,-71.0098998126
KM 47.6,-33.706053,-71.010865
KM 47.7,-33.7057045157919,-71.01180157519
KM 47.8,-33.705335,-71.012806
KM 47.9,-33.704963,-71.013785
KM 48,-33.704612,-71.014789
KM 48.1,-33.704253,-71.015783
KM 48.2,-33.703876,-71.01678
KM 48.3,-33.70352,-71.017777
KM 48.4,-33.7031616384096,-71.01872056692
KM 48.5,-33.70277998958,-71.01973991753
KM 48.6,-33.7024232318895,-71.02071281331
KM 48.7,-33.7020482842657,-71.02173229324
KM 48.8,-33.7016915114725,-71.0227051737
KM 48.9,-33.7013142634981,-71.02371916022
KM 49,-33.7009688439437,-71.02466735645
KM 49.1,-33.7006143189469,-71.02563199235
KM 49.2,-33.7002461597364,-71.02664320291
KM 49.3,-33.6998757029915,-71.02764345061
KM 49.4,-33.6995113820978,-71.02864094273
KM 49.5,-33.6991522766157,-71.02961377221
KM 49.6,-33.6987886169329,-71.0305975526
KM 49.7,-33.6984204143837,-71.03160597954
KM 49.8,-33.6980612747898,-71.03256782375
KM 49.9,-33.6977044244521,-71.03354882999
KM 50,-33.6973361925277,-71.03455175537
KM 50.1,-33.6969588602541,-71.03557933214
KM 50.2,-33.6965905951841,-71.03656306722
KM 50.3,-33.6962314397056,-71.03754952106
KM 50.4,-33.6958631757298,-71.03855241026
KM 50.5,-33.6955017221598,-71.03953611649
KM 50.6,-33.6951357024728,-71.04051707562
KM 50.7,-33.6947696901,-71.04151720025
KM 50.8,-33.6944059355832,-71.04250087925
KM 50.9,-33.6940421715285,-71.04348455119
KM 51,-33.6936806866427,-71.0444764273
KM 51.1,-33.6933282854534,-71.04544089707
KM 51.2,-33.6929599508593,-71.04643550402
KM 51.3,-33.6926052570126,-71.04739996048
KM 51.4,-33.6922391950856,-71.04840550101
KM 51.5,-33.6918844921663,-71.04937815501
KM 51.6,-33.6915216666666,-71.05038166666
KM 51.7,-33.6911454715101,-71.05136181259
KM 51.8,-33.690781,-71.05236
KM 51.9,-33.690406,-71.053354
KM 52,-33.690044,-71.054366
KM 52.1,-33.6896787324903,-71.05533997662
KM 52.2,-33.6893535498748,-71.05624681619
KM 52.3,-33.6889942483871,-71.05724679634
KM 52.4,-33.6886349443682,-71.0582549857
KM 52.5,-33.688287,-71.059259
KM 52.6,-33.6879573051415,-71.06023843471
KM 52.7,-33.6876162040933,-71.06124384205
KM 52.8,-33.6872864721402,-71.0622245819
KM 52.9,-33.6869521774177,-71.06321079807
KM 53,-33.6866178867534,-71.06421343583
KM 53.1,-33.6862813025968,-71.06520511325
KM 53.2,-33.6859492695782,-71.06619951744
KM 53.3,-33.6856012988914,-71.06722679228
KM 53.4,-33.6852874403566,-71.06816091926
KM 53.5,-33.6849440128976,-71.0691909115
KM 53.6,-33.684602841789,-71.07019898522
KM 53.7,-33.6842662174776,-71.07120431213
KM 53.8,-33.6839341396144,-71.07220414676
KM 53.9,-33.6835906699555,-71.07322041431
KM 54,-33.6832608448295,-71.07420380121
KM 54.1,-33.6829241878878,-71.07520909386
KM 54.2,-33.6825852442737,-71.07621438085
KM 54.3,-33.6822462962216,-71.0772251371
KM 54.4,-33.6819187231133,-71.07821670725
KM 54.5,-33.6815524494361,-71.07929045076
KM 54.6,-33.6812453321744,-71.08021626629
KM 54.7,-33.6809108945435,-71.08119960237
KM 54.8,-33.6805764650527,-71.08221305315
KM 54.9,-33.6802333333333,-71.08321833333
KM 55,-33.6798816666666,-71.084265
KM 55.1,-33.6795571705217,-71.08524515715
KM 55.2,-33.6792110914918,-71.08628576339
KM 55.3,-33.6788805033914,-71.0872545084
KM 55.4,-33.67854178766,-71.08826564196
KM 55.5,-33.6782193268045,-71.08923762465
KM 55.6,-33.677888719202,-71.09021613111
KM 55.7,-33.6775608187999,-71.09119462593
KM 55.8,-33.6772573100281,-71.09212092274
KM 55.9,-33.6769185485646,-71.09311897478
KM 56,-33.67651,-71.09432166666
KM 56.1,-33.6761909442095,-71.09528213122
KM 56.2,-33.6758586785046,-71.09628069107
KM 56.3,-33.6755228517138,-71.09729207236
KM 56.4,-33.6751887892499,-71.09828634258
KM 56.5,-33.6748689531862,-71.09928701048
KM 56.6,-33.6745508886984,-71.10028766956
KM 56.7,-33.6742452762746,-71.10130755551
KM 56.8,-33.6739414307908,-71.10231674337
KM 56.9,-33.6736535911108,-71.10333232924
KM 57,-33.6733639764797,-71.10438425135
KM 57.1,-33.6730885753066,-71.10540623045
KM 57.2,-33.6728149589364,-71.1064709561
KM 57.3,-33.6725680003129,-71.10747580853
KM 57.4,-33.6723299371675,-71.10850844167
KM 57.5,-33.6720829741236,-71.10955389768
KM 57.6,-33.6718555727515,-71.11060147671
KM 57.7,-33.6716317253794,-71.11166615261
KM 57.8,-33.6714256483971,-71.11269233578
KM 57.9,-33.6712213490808,-71.11374202747
KM 58,-33.6710277272984,-71.11484302218
KM 58.1,-33.6708447547682,-71.11587773337
KM 58.2,-33.6706866630395,-71.11684616338
KM 58.3,-33.6705037027705,-71.11800271218
KM 58.4,-33.6703527259414,-71.1190331233
KM 58.5,-33.670201752022,-71.12011911274
KM 58.6,-33.6700667724599,-71.12116661243
KM 58.7,-33.6699335759383,-71.12227396373
KM 58.8,-33.6698128165,-71.12335138241
KM 58.9,-33.6697098312017,-71.12439458865
KM 59,-33.669608628001,-71.12549337357
KM 59.1,-33.6695180811107,-71.12655367475
KM 59.2,-33.6694328667628,-71.12763321007
KM 59.3,-33.6693600943593,-71.12870633107
KM 59.4,-33.6692883333333,-71.1298
KM 59.5,-33.6692358739407,-71.13086965862
KM 59.6,-33.6691916666666,-71.13194833333
KM 59.7,-33.6691383333333,-71.133005
KM 59.8,-33.6690983333333,-71.13407833333
KM 59.9,-33.6690683333333,-71.13517833333
KM 60,-33.66904,-71.13627666666
KM 60.1,-33.6690248805042,-71.13735317649
KM 60.2,-33.6690053962764,-71.13842199856
KM 60.3,-33.6690019162046,-71.13952074784
KM 60.4,-33.6690055407781,-71.14058956776
KM 60.5,-33.669009154831,-71.14162632259
KM 60.6,-33.6690252134532,-71.14266521891
KM 60.7,-33.669048382855,-71.14381099387
KM 60.8,-33.6690662419631,-71.14488199856
KM 60.9,-33.6691054023224,-71.145970059
KM 61,-33.6691463319566,-71.14705170732
KM 61.1,-33.6691836940674,-71.14811839094
KM 61.2,-33.6692406165558,-71.14921286545
KM 61.3,-33.6692993094846,-71.15025603841
KM 61.4,-33.6693651082572,-71.15135692923
KM 61.5,-33.6694326776708,-71.15241506891
KM 61.6,-33.669506,-71.153493
KM 61.7,-33.6695926941266,-71.15456983391
KM 61.8,-33.6696815828429,-71.15566645989
KM 61.9,-33.6697783333333,-71.15673666666
KM 62,-33.6698833333333,-71.15781166666
KM 62.1,-33.6699883333333,-71.15888666666
KM 62.2,-33.6701010971472,-71.15992686971
KM 62.3,-33.6702255226924,-71.16099145154
KM 62.4,-33.6703588340013,-71.16205817167
KM 62.5,-33.6704885799433,-71.16311634503
KM 62.6,-33.6706254285503,-71.16420231071
KM 62.7,-33.6707747229434,-71.16527759409
KM 62.8,-33.6709329052408,-71.16634005844
KM 62.9,-33.6710833333333,-71.16742333333
KM 63,-33.6712456810994,-71.16848637225
KM 63.1,-33.6713983333333,-71.169525
KM 63.2,-33.6715530943528,-71.17056643137
KM 63.3,-33.6717083333333,-71.17163166666
KM 63.4,-33.6718533333333,-71.17269166666
KM 63.5,-33.6720185834213,-71.17375389131
KM 63.6,-33.672169584318,-71.17478431884
KM 63.7,-33.6723347908372,-71.17589384852
KM 63.8,-33.6724893326116,-71.17692214712
KM 63.9,-33.6726420768632,-71.17798892637
KM 64,-33.6728037119245,-71.17903861078
KM 64.1,-33.672956437955,-71.18010539714
KM 64.2,-33.6731162672455,-71.18118715464
KM 64.3,-33.6732686582721,-71.18225748596
KM 64.4,-33.6734074829113,-71.18333192035
KM 64.5,-33.6735298483255,-71.18440852908
KM 64.6,-33.6736268345412,-71.18549379885
KM 64.7,-33.6737120146113,-71.18654359578
KM 64.8,-33.6737730142852,-71.18762018874
KM 64.9,-33.6738154188982,-71.18868783635
KM 65,-33.67384293855,-71.18977334539
KM 65.1,-33.6738555840249,-71.19084321453
KM 65.2,-33.673851492395,-71.19191084179
KM 65.3,-33.6738306544655,-71.19300079501
KM 65.4,-33.6737893451845,-71.19413093952
KM 65.5,-33.6737276260022,-71.19513822853
KM 65.6,-33.6736454004889,-71.19627951593
KM 65.7,-33.6735501878108,-71.19733368569
KM 65.8,-33.6734345322122,-71.19835657234
KM 65.9,-33.673301,-71.199421
KM 66,-33.673162,-71.200516
KM 66.1,-33.672983,-71.201594
KM 66.2,-33.672816,-71.202672
KM 66.3,-33.6726552976873,-71.20365398763
KM 66.4,-33.6724819426917,-71.20473265503
KM 66.5,-33.6723178819585,-71.2057912217
KM 66.6,-33.6721519618294,-71.20683191532
KM 66.7,-33.6719971800676,-71.20788377987
KM 66.8,-33.6718684013227,-71.20895799528
KM 66.9,-33.6717619226905,-71.21002328978
KM 67,-33.6716963196574,-71.21110424566
KM 67.1,-33.6716734598566,-71.21218299767
KM 67.2,-33.6716970526226,-71.21327518499
KM 67.3,-33.6717615537791,-71.21432050313
KM 67.4,-33.6718724812653,-71.2154283973
KM 67.5,-33.6720280385287,-71.21648272446
KM 67.6,-33.6722244911499,-71.21751922274
KM 67.7,-33.6724562448729,-71.21856468695
KM 67.8,-33.6726991515155,-71.2195945323
KM 67.9,-33.6729550648462,-71.22061769303
KM 68,-33.673197953158,-71.22164978293
KM 68.1,-33.6734371084094,-71.22269304302
KM 68.2,-33.673639060628,-71.22376754505
KM 68.3,-33.6737926870125,-71.22482414096
KM 68.4,-33.6738905389474,-71.22588515947
KM 68.5,-33.6739121539391,-71.2269751432
KM 68.6,-33.6738538309925,-71.22806728792
KM 68.7,-33.6737211658958,-71.22913255753
KM 68.8,-33.6735114778462,-71.23021050015
KM 68.9,-33.6732282616213,-71.23123541447
KM 69,-33.6728837313439,-71.2322111232
KM 69.1,-33.6724725862466,-71.2331579538
KM 69.2,-33.6719889557712,-71.2340969166
KM 69.3,-33.6714828336961,-71.23496530499
KM 69.4,-33.670934865058,-71.23582358431
KM 69.5,-33.6703701718885,-71.23665367732
KM 69.6,-33.6697903966362,-71.23749983317
KM 69.7,-33.6692206733746,-71.23832587606
KM 69.8,-33.6686358614451,-71.23917602738
KM 69.9,-33.6680678099265,-71.23998998201
KM 70,-33.6674980699994,-71.24081599169
KM 70.1,-33.6669082135302,-71.24167414853
KM 70.2,-33.6663300884304,-71.24250616033
KM 70.3,-33.6657653566991,-71.24332811961
KM 70.4,-33.665183863174,-71.24417217308
KM 70.5,-33.6646074008019,-71.2449961096
KM 70.6,-33.6640426510992,-71.24582004721
KM 70.7,-33.6634829298006,-71.24662789114
KM 70.8,-33.6628880128796,-71.24748395101
KM 70.9,-33.6623148639286,-71.24832393552
KM 71,-33.661743396561,-71.24914782131
KM 71.1,-33.6611668986673,-71.24997571269
KM 71.2,-33.6605920639162,-71.25080962851
KM 71.3,-33.6600172284836,-71.25163749997
KM 71.4,-33.6594407002144,-71.25248144687
KM 71.5,-33.6588608357125,-71.25330526753
KM 71.6,-33.6582776401303,-71.25410293045
KM 71.7,-33.6576447770498,-71.25493252737
KM 71.8,-33.657048026645,-71.25570232358
KM 71.9,-33.6564410547743,-71.2564352265
KM 72,-33.6557839518905,-71.25719834168
KM 72.1,-33.6551626610172,-71.25790558196
KM 72.2,-33.6544713464082,-71.25865033608
KM 72.3,-33.6537906588587,-71.25937838178
KM 72.4,-33.6531344815252,-71.26011492659
KM 72.5,-33.6525199563315,-71.26089960409
KM 72.6,-33.6519520329993,-71.26178852906
KM 72.7,-33.6514841690765,-71.26269160091
KM 72.8,-33.6510879443224,-71.2636769133
KM 72.9,-33.6507800876536,-71.2646903894
KM 73,-33.6505539494614,-71.2657079768
KM 73.1,-33.6503995000964,-71.26675170907
KM 73.2,-33.6502867144229,-71.26782354599
KM 73.3,-33.650208938945,-71.26890344437
KM 73.4,-33.6501428223434,-71.26999137187
KM 73.5,-33.6500933656992,-71.27108934028
KM 73.6,-33.6500689389512,-71.27216730594
KM 73.7,-33.6500429518964,-71.27315991058
KM 73.8,-33.650037151312,-71.27432069507
KM 73.9,-33.6500522188136,-71.27540930686
KM 74,-33.6500834732105,-71.27648405685
KM 74.1,-33.6501295291672,-71.27757303154
KM 74.2,-33.6501878896679,-71.27864683775
KM 74.3,-33.6502581592575,-71.27970101018
KM 74.4,-33.6503475889859,-71.28076931602
KM 74.5,-33.6504433613298,-71.28184328465
KM 74.6,-33.6505671337934,-71.28290953656
KM 74.7,-33.650700478287,-71.28396442416
KM 74.8,-33.6508515663373,-71.28501814357
KM 74.9,-33.6510102492438,-71.28607919413
KM 75,-33.6511780522252,-71.28714575081
KM 75.1,-33.651342790545,-71.28822145107
KM 75.2,-33.6515045079227,-71.28926788694
KM 75.3,-33.6516761676893,-71.29033446855
KM 75.4,-33.6518393789946,-71.29139006166
KM 75.5,-33.6520101917508,-71.29244749894
KM 75.6,-33.6521809611009,-71.29353420494
KM 75.7,-33.6523380469081,-71.29459711404
KM 75.8,-33.6524905561433,-71.29566001997
KM 75.9,-33.6526278226951,-71.29673021838
KM 76,-33.6527696593791,-71.29779128522
KM 76.1,-33.6528871286965,-71.29885048207
KM 76.2,-33.6530076138048,-71.299926148
KM 76.3,-33.6531163164904,-71.30101015053
KM 76.4,-33.6532094327324,-71.30206023034
KM 76.5,-33.6533024960592,-71.30314521171
KM 76.6,-33.6533858924744,-71.30420982049
KM 76.7,-33.6534571345586,-71.30530640058
KM 76.8,-33.6535139300975,-71.30633315421
KM 76.9,-33.653573044522,-71.30743262542
KM 77,-33.6536176570458,-71.30850589091
KM 77.1,-33.6536550020112,-71.30957624381
KM 77.2,-33.6536875184568,-71.31062913032
KM 77.3,-33.6536957904042,-71.31170233611
KM 77.4,-33.6537040328568,-71.31279008048
KM 77.5,-33.6537050194,-71.3138661781
KM 77.6,-33.6536987298932,-71.31494516981
KM 77.7,-33.6536754797196,-71.31602703124
KM 77.8,-33.6536318312516,-71.31710224212
KM 77.9,-33.6535427736426,-71.31816010451
KM 78,-33.6533960463953,-71.31923447195
KM 78.1,-33.6531801663004,-71.32029207509
KM 78.2,-33.652918198122,-71.3213274244
KM 78.3,-33.652640117629,-71.32233780717
KM 78.4,-33.6523758149892,-71.32338144696
KM 78.5,-33.6521737372201,-71.3244362874
KM 78.6,-33.6520477077564,-71.325507897
KM 78.7,-33.6520000592318,-71.32657967824
KM 78.8,-33.6520238643321,-71.32765713601
KM 78.9,-33.65212143198,-71.32873752504
KM 79,-33.6522628339886,-71.32979308179
KM 79.1,-33.6524180507537,-71.33085420493
KM 79.2,-33.6525755734501,-71.33190980613
KM 79.3,-33.652733,-71.332981
KM 79.4,-33.652894,-71.33405
KM 79.5,-33.6530549810101,-71.33509047621
KM 79.6,-33.6532147467858,-71.33616270776
KM 79.7,-33.6533698925781,-71.3372349373
KM 79.8,-33.6535043210263,-71.33827942387
KM 79.9,-33.6536179487411,-71.33935156972
KM 80,-33.6536923858427,-71.34041531663
KM 80.1,-33.6537390997871,-71.34150947166
KM 80.2,-33.6537581596204,-71.34258971706
KM 80.3,-33.6537472987068,-71.34363111836
KM 80.4,-33.6537040820797,-71.34471676288
KM 80.5,-33.6536332247314,-71.34578018145
KM 80.6,-33.653525426011,-71.34687120682
KM 80.7,-33.6533508101912,-71.34792884442
KM 80.8,-33.6531291028838,-71.34895018684
KM 80.9,-33.6528472056343,-71.34996618814
KM 81,-33.652508988292,-71.35095140948
KM 81.1,-33.6521108246227,-71.35193371138
KM 81.2,-33.6516735369435,-71.35286882421
KM 81.3,-33.6512173645497,-71.35382764069
KM 81.4,-33.6507890208108,-71.35473567092
KM 81.5,-33.650341186977,-71.35567692905
KM 81.6,-33.6499282668135,-71.35661480625
KM 81.7,-33.6494572283238,-71.35757579314
KM 81.8,-33.6489041318081,-71.3584086679
KM 81.9,-33.6482905677191,-71.35922394308
KM 82,-33.6476770180469,-71.36002758011
KM 82.1,-33.6470739228935,-71.36081329459
KM 82.2,-33.6464652473193,-71.36160858801
KM 82.3,-33.6458635384004,-71.36242070708
KM 82.4,-33.6452565920128,-71.36322228942
KM 82.5,-33.6446409037456,-71.3640154297
KM 82.6,-33.644032211306,-71.3648085764
KM 82.7,-33.6434235320493,-71.365591201
KM 82.8,-33.6428042843884,-71.36640952627
KM 82.9,-33.6422095966052,-71.36719216393
KM 83,-33.6415956152145,-71.36799576292
KM 83.1,-33.6409886552699,-71.36878465272
KM 83.2,-33.640383421635,-71.36958404694
KM 83.3,-33.6397887177336,-71.37036453724
KM 83.4,-33.6391747234282,-71.3711638862
KM 83.5,-33.6385623062194,-71.37196533105
KM 83.6,-33.6379815348925,-71.37277525686
KM 83.7,-33.6375370608679,-71.37370114412
KM 83.8,-33.6372936602847,-71.3747305633
KM 83.9,-33.6371586909811,-71.37579810083
KM 84,-33.6370307062083,-71.37686985676
KM 84.1,-33.6368922571642,-71.37791635962
KM 84.2,-33.6367432595493,-71.3789838473
KM 84.3,-33.6363945686277,-71.38001396849
KM 84.4,-33.635913332136,-71.3808706987
KM 84.5,-33.6354889063943,-71.38186446211
KM 84.6,-33.6352999435585,-71.38288188761
KM 84.7,-33.6352272153793,-71.38397633415
KM 84.8,-33.6350267000713,-71.38503048056
KM 84.9,-33.6345878160036,-71.38595240466
KM 85,-33.6339441621401,-71.38668462836
KM 85.1,-33.6332078267365,-71.38734052807
KM 85.2,-33.6325850203982,-71.3881144493
KM 85.3,-33.6321107159227,-71.38902119992
KM 85.4,-33.631786923429,-71.39001267274
KM 85.5,-33.6315653489001,-71.39104635517
KM 85.6,-33.6313380830027,-71.39208228936
KM 85.7,-33.6310994479329,-71.39312045885
KM 85.8,-33.6307662640689,-71.39411061568
KM 85.9,-33.6302855777037,-71.39503215127
KM 86,-33.6298030151147,-71.39594230268
KM 86.1,-33.6293071653895,-71.39686831581
KM 86.2,-33.6288151217661,-71.39778068906
KM 86.3,-33.6283249731428,-71.39868851192
KM 86.4,-33.6278461923913,-71.39958726494
KM 86.5,-33.6273484182343,-71.40051550225
KM 86.6,-33.6268734141655,-71.40141197336
KM 86.7,-33.6263832343532,-71.40232203064
KM 86.8,-33.6258930653989,-71.40322298571
KM 86.9,-33.625419910887,-71.40413079958
KM 87,-33.6249941143606,-71.40501601346
KM 87.1,-33.624490441813,-71.40603054577
KM 87.2,-33.6240456063233,-71.40696114752
KM 87.3,-33.6236120423673,-71.40793041106
KM 87.4,-33.6231860934587,-71.4088746843
KM 87.5,-33.6227714679114,-71.4098303538
KM 87.6,-33.6224097659118,-71.41081798999
KM 87.7,-33.6220764800093,-71.41178979447
KM 87.8,-33.6217279572046,-71.4128024585
KM 87.9,-33.6213870501089,-71.41379013806
KM 88,-33.6210385165616,-71.41480051178
KM 88.1,-33.6207013848393,-71.415785911
KM 88.2,-33.6203509421555,-71.41679626316
KM 88.3,-33.6200269791732,-71.41781123568
KM 88.4,-33.619869533669,-71.41884036603
KM 88.5,-33.6198671668343,-71.41992225694
KM 88.6,-33.6199159185022,-71.42099294412
KM 88.7,-33.6199760018804,-71.4220704873
KM 88.8,-33.6200379937643,-71.42313667401
KM 88.9,-33.6201032828593,-71.42421179052
KM 89,-33.6201331038138,-71.42528804861
KM 89.1,-33.6200179159831,-71.42636625536
KM 89.2,-33.6197215367298,-71.42741726722
KM 89.3,-33.6193528541428,-71.4283785587
KM 89.4,-33.6189902108118,-71.42933744351
KM 89.5,-33.6186140276903,-71.43033054351
KM 89.6,-33.6182171292132,-71.43129171751
KM 89.7,-33.6177518263578,-71.43222121883
KM 89.8,-33.6172529616972,-71.43310420441
KM 89.9,-33.6167558124212,-71.434000763
KM 90,-33.6162651019599,-71.43488960981
KM 90.1,-33.6157636110722,-71.43580414899
KM 90.2,-33.6152685786105,-71.43670325367
KM 90.3,-33.6147800186181,-71.43758178263
KM 90.4,-33.6142720425902,-71.43851170753
KM 90.5,-33.613813389276,-71.43942634617
KM 90.6,-33.6133910553995,-71.44038742239
KM 90.7,-33.6130417049206,-71.44129726672
KM 90.8,-33.6126833781209,-71.4423743523
KM 90.9,-33.6123852021759,-71.44338730692
KM 91,-33.6121148149337,-71.44442865072
KM 91.1,-33.6119237910697,-71.44543938151
KM 91.2,-33.6117583045988,-71.44652225377
KM 91.3,-33.6116335986928,-71.44757695466
KM 91.4,-33.6115301531671,-71.44869863811
KM 91.5,-33.6114354268873,-71.44975601091
KM 91.6,-33.6113428535582,-71.45080566928
KM 91.7,-33.6112460671884,-71.45182185434
KM 91.8,-33.6111470217272,-71.45288177814
KM 91.9,-33.6110522474341,-71.45394428786
KM 92,-33.6109465569204,-71.45508396207
KM 92.1,-33.6108475412511,-71.45612071722
KM 92.2,-33.6107462904518,-71.45719091735
KM 92.3,-33.6106535322413,-71.45828945484
KM 92.4,-33.6105587060042,-71.45938154913
KM 92.5,-33.6104497092636,-71.46045849893
KM 92.6,-33.6103222836665,-71.46151918332
KM 92.7,-33.6101036571451,-71.46257365933
KM 92.8,-33.6097681338009,-71.46359166715
KM 92.9,-33.6093487857647,-71.46454453402
KM 93,-33.6089144782909,-71.46547932711
KM 93.1,-33.6084831344202,-71.46642492298
KM 93.2,-33.608094081462,-71.46725181904
KM 93.3,-33.6076265738311,-71.46825848738
KM 93.4,-33.607186220715,-71.46920041932
KM 93.5,-33.6067398424215,-71.47014952465
KM 93.6,-33.6063024091917,-71.47111666061
KM 93.7,-33.6058500458852,-71.47205492552
KM 93.8,-33.6054096736427,-71.47299322002
KM 93.9,-33.6049723195491,-71.47392071259
KM 94,-33.60453190473,-71.47486978935
KM 94.1,-33.6040855129401,-71.47580802865
KM 94.2,-33.6036511104422,-71.47674630817
KM 94.3,-33.6032197008362,-71.47768458745
KM 94.4,-33.6027852363313,-71.47864085336
KM 94.5,-33.6023357963399,-71.47958624883
KM 94.6,-33.601895404709,-71.48051007137
KM 94.7,-33.6013966666666,-71.48158166666
KM 94.8,-33.60096320462,-71.48250871872
KM 94.9,-33.6005679102235,-71.4833858631
KM 95,-33.6001275115143,-71.48430243591
KM 95.1,-33.5996719908306,-71.48526215472
KM 95.2,-33.5992408153329,-71.48616509319
KM 95.3,-33.5987999999999,-71.48709499999
KM 95.4,-33.598379099212,-71.48802760692
KM 95.5,-33.597881006228,-71.48892919519
KM 95.6,-33.5972059493377,-71.48965376935
KM 95.7,-33.5964091964282,-71.490130538
KM 95.8,-33.5955559740503,-71.49037445729
KM 95.9,-33.5946591494005,-71.49051535733
KM 96,-33.5937976283309,-71.49081065303
KM 96.1,-33.5930045766597,-71.49137216762
KM 96.2,-33.5923275906582,-71.49205916339
KM 96.3,-33.5916370708145,-71.49278902278
KM 96.4,-33.590975726187,-71.49347604923
KM 96.5,-33.5902807583689,-71.49419513178
KM 96.6,-33.589636215689,-71.49493663503
KM 96.7,-33.5889935400651,-71.49563512433
KM 96.8,-33.5882607456594,-71.49627571162
KM 96.9,-33.5874358394077,-71.49673166114
KM 97,-33.5865710443458,-71.49707056142
KM 97.1,-33.58573794838,-71.49749819998
KM 97.2,-33.5849945817247,-71.49809975474
KM 97.3,-33.584335,-71.498865
KM 97.4,-33.5837150613864,-71.49962075513
KM 97.5,-33.5830671698503,-71.50039090334
KM 97.6,-33.582432479112,-71.50114001
KM 97.7,-33.5818009192371,-71.50189330234
KM 97.8,-33.5811674870214,-71.50266291496
KM 97.9,-33.5805071248848,-71.5034637225
KM 98,-33.5798970517226,-71.50421136146
KM 98.1,-33.5792859442981,-71.50501521389
KM 98.2,-33.5786851282893,-71.50585607381
KM 98.3,-33.5781105832307,-71.50667816791
KM 98.4,-33.5775092799985,-71.50750627722
KM 98.5,-33.5769380880291,-71.50829163497
KM 98.6,-33.576325814912,-71.50917755191
KM 98.7,-33.5757387877249,-71.51001124552
KM 98.8,-33.5751375338456,-71.51083465034
KM 98.9,-33.574561211818,-71.51165810019
KM 99,-33.5739860206469,-71.51246286316
KM 99.1,-33.5734220697555,-71.51329950698
KM 99.2,-33.5729403636978,-71.51419208402
KM 99.3,-33.5724911204887,-71.51514918026
KM 99.4,-33.5720318782018,-71.51610593306
KM 99.5,-33.5716027926968,-71.51700865956
KM 99.6,-33.5711809070397,-71.51794977175
KM 99.7,-33.5708770599632,-71.51896927743
KM 99.8,-33.5706343887434,-71.52001514117
KM 99.9,-33.5703981125969,-71.52105088381
KM 100,-33.5701525380441,-71.52207297911
KM 100.1,-33.5699238248334,-71.52310381888
KM 100.2,-33.5696777468963,-71.52413615322
KM 100.3,-33.5694355629055,-71.52517223655
KM 100.4,-33.5691933600444,-71.52621748789
KM 100.5,-33.5689731006176,-71.52725385809
KM 100.6,-33.5687201885787,-71.52830297221
KM 100.7,-33.568473825242,-71.52933506227
KM 100.8,-33.568231,-71.530387
KM 100.9,-33.5679879555862,-71.53143547092
KM 101,-33.5677486906146,-71.53246995667
KM 101.1,-33.5675172248188,-71.53349733931
KM 101.2,-33.5673044180677,-71.53441241195
KM 101.3,-33.5670251046543,-71.53564010063
KM 101.4,-33.5667798142237,-71.53664562106
KM 101.5,-33.5665456652696,-71.53769270466
KM 101.6,-33.5663117835224,-71.53872078476
KM 101.7,-33.5660676970979,-71.53976386853
KM 101.8,-33.5657817196585,-71.54079809713
KM 101.9,-33.5655325577282,-71.54183249867
KM 102,-33.5652878153731,-71.54288032776
KM 102.1,-33.5650453418438,-71.54391475054
KM 102.2,-33.5647961538178,-71.54494913401
KM 102.3,-33.5645491240175,-71.54600498361
KM 102.4,-33.5642976491844,-71.54705007659
KM 102.5,-33.5640506622999,-71.54808713457
KM 102.6,-33.5638170950775,-71.54911888977
KM 102.7,-33.5635745871797,-71.55014790895
KM 102.8,-33.5633276091086,-71.55117422043
KM 102.9,-33.5630918252299,-71.55219253014
KM 103,-33.5628336274971,-71.55322682372
KM 103.1,-33.5625866155657,-71.55425579859
KM 103.2,-33.5623350628768,-71.55530352463
KM 103.3,-33.5620835365904,-71.55634051446
KM 103.4,-33.561855,-71.557394
KM 103.5,-33.5616050378853,-71.55841727513
KM 103.6,-33.5613444550688,-71.55948103117
KM 103.7,-33.5611290949183,-71.56038672306
KM 103.8,-33.5608887114606,-71.56142105491
KM 103.9,-33.5606664169751,-71.56239108845
KM 104,-33.5604148317262,-71.56342803822
KM 104.1,-33.5601608942423,-71.56449716221
KM 104.2,-33.559901,-71.56555
KM 104.3,-33.55966,-71.5666
KM 104.4,-33.5594419501562,-71.56757057858
KM 104.5,-33.5592129312156,-71.56861630133
KM 104.6,-33.5589641642141,-71.56960432616
KM 104.7,-33.5587577964933,-71.57065151521
KM 104.8,-33.5588197666355,-71.57171891236
KM 104.9,-33.5591339974516,-71.57271919832
KM 105,-33.5595291434518,-71.57370425522
KM 105.1,-33.5601044711632,-71.57454631151
KM 105.2,-33.5607433437622,-71.57529954131
KM 105.3,-33.5612520313226,-71.57615351821
KM 105.4,-33.5616335935919,-71.57713563007
KM 105.5,-33.5620505702764,-71.5781049196
KM 105.6,-33.5626642122961,-71.57890455178
KM 105.7,-33.5633131955728,-71.57965517201
KM 105.8,-33.5638855037797,-71.58046369602
KM 105.9,-33.5643744701931,-71.58134988163
KM 106,-33.5648663019574,-71.58226124285
KM 106.1,-33.5653497434328,-71.5831590713
KM 106.2,-33.5658143887357,-71.58408576926
KM 106.3,-33.5660070588982,-71.58512140511
KM 106.4,-33.5660241037148,-71.58619786182
KM 106.5,-33.5660411306401,-71.58727431852
KM 106.6,-33.5660581481633,-71.588350775
KM 106.7,-33.5660764243119,-71.58942718828
KM 106.8,-33.5662464344357,-71.59048622573
KM 106.9,-33.5666960724084,-71.59143604401
KM 107,-33.5672999133375,-71.5922436823
KM 107.1,-33.5679153922329,-71.5930259631
KM 107.2,-33.5685285123752,-71.59380938337
KM 107.3,-33.5691386971411,-71.59461139614
KM 107.4,-33.5697382774367,-71.59541216939
KM 107.5,-33.5703588117304,-71.59620110218
KM 107.6,-33.5710788507625,-71.59687282593
KM 107.7,-33.5718392297955,-71.59744144139
KM 107.8,-33.5725920329855,-71.59803366352
KM 107.9,-33.5732019861841,-71.5987866753
KM 108,-33.5737233124285,-71.59966692396
KM 108.1,-33.5742462141678,-71.60052740663
KM 108.2,-33.574769555702,-71.6014092538
KM 108.3,-33.5752627233968,-71.60230173231
KM 108.4,-33.5757183842791,-71.60324204496
